Id,Predicted
8957,0.7133333333333334
4246,0.03333333333333333
9089,0.20666666666666667
10606,0.5066666666666667
9863,0.07
11627,0.07
2338,0.99
13378,0.99
1643,0.51
6957,0.08
11597,0.9911111111111113
1914,0.9766666666666667
15712,0.5766666666666667
8477,0.013333333333333334
1976,0.9766666666666667
15431,0.5466666666666666
2870,0.20666666666666667
10605,0.5633333333333334
15707,0.94
4774,1.0
1176,0.18
5671,0.9433333333333334
15067,0.5633333333333334
2353,0.06
6964,1.0
17323,0.9933333333333333
2497,0.5633333333333334
997,0.05
3462,0.05333333333333334
5511,0.29333333333333333
5316,0.006666666666666667
8654,0.23
4697,1.0
17197,0.13666666666666666
9352,0.99
5084,0.99
3009,0.30333333333333334
11330,0.5766666666666667
7167,0.9933333333333333
11227,0.9766666666666667
2589,0.17666666666666667
12051,0.05
2037,0.9933333333333333
10865,0.08
9832,0.9966666666666667
785,0.18
9962,0.9966666666666667
9994,0.13666666666666666
10529,0.9433333333333334
11388,0.006666666666666667
651,0.20666666666666667
11941,1.0
2752,0.03666666666666667
14088,0.9966666666666667
2287,0.9866666666666667
4836,1.0
12144,0.18
935,0.0
12504,0.20333333333333334
13702,0.20333333333333334
15483,0.02666666666666667
15635,0.9833333333333333
11030,0.04666666666666667
9127,0.9866666666666667
2530,0.04666666666666667
16463,0.0
17576,0.9966666666666667
10158,1.0
5966,0.0
11705,0.12666666666666668
125,0.96
13028,0.12
16817,0.013333333333333334
11014,0.03
11402,0.13
14179,0.99
4312,0.9466666666666667
2101,0.19333333333333333
10996,0.19333333333333333
10926,0.9733333333333334
446,0.6
14656,0.9633333333333334
980,0.05
10894,0.9966666666666667
8789,0.55
4621,0.023333333333333334
4497,0.5366666666666666
12210,0.9866666666666667
10872,1.0
6041,1.0
11583,0.023333333333333334
11794,0.20666666666666667
6542,0.9966666666666667
9221,0.013333333333333334
16343,0.04
3766,0.043333333333333335
5,0.05
3610,0.013333333333333334
10572,0.9933333333333333
16263,0.03666666666666667
4931,0.45666666666666667
243,0.08333333333333333
11158,0.9366666666666666
10933,0.28
17647,0.9966666666666667
12786,1.0
9934,0.16666666666666666
17018,0.10666666666666667
16239,0.9933333333333333
15882,0.006666666666666667
12529,0.9966666666666667
17225,0.15333333333333332
17644,0.043333333333333335
3398,0.08
4906,0.03333333333333333
10838,0.03333333333333333
6670,0.55
4395,1.0
14724,0.04
15098,0.9966666666666667
10745,1.0
4959,1.0
2876,0.85
16765,0.9966666666666667
11629,0.03666666666666667
16255,0.9966666666666667
17532,0.9933333333333333
13631,0.46
13134,0.043333333333333335
4932,0.07
1305,1.0
9508,0.006666666666666667
13402,0.5166666666666667
13256,1.0
17096,0.13
15070,0.9933333333333333
6097,0.9933333333333333
16076,0.29
5192,0.12
9509,0.99
15682,0.9533333333333334
11301,1.0
6045,0.06
10657,0.11666666666666667
12398,0.1
4692,0.9533333333333334
11428,0.05333333333333334
2389,0.05
9683,1.0
8796,0.9766666666666667
6902,0.9966666666666667
6295,0.33
15149,0.9966666666666667
16022,0.18
14400,0.9466666666666667
443,0.18
17809,0.9966666666666667
8531,0.21333333333333335
10251,1.0
6886,0.09333333333333334
8052,0.09666666666666666
10747,0.9366666666666666
4499,0.99
12538,0.16666666666666666
16625,0.023333333333333334
4765,1.0
2792,0.22666666666666666
1317,0.12666666666666668
4043,0.22333333333333333
9831,0.9733333333333334
13758,0.23333333333333334
15400,0.32
11631,0.21
9654,0.97
850,0.43666666666666665
11108,0.13333333333333333
11662,0.11333333333333333
12709,0.056666666666666664
15503,0.13
14607,0.03666666666666667
4958,0.8533333333333334
1177,0.23
4833,1.0
4584,0.07333333333333333
35,1.0
3035,0.02
13616,0.30666666666666664
7085,0.35
16981,0.61
7293,0.08
8628,0.18666666666666668
11990,0.17666666666666667
9209,0.9866666666666667
3245,0.99
5572,0.20333333333333334
13762,0.07
12322,1.0
4108,0.9933333333333333
14105,0.03666666666666667
1709,1.0
12426,0.01
7577,0.03666666666666667
6122,0.9866666666666667
17521,0.99
13472,0.99
9059,0.06333333333333334
1830,0.99
682,1.0
3601,0.11
11655,0.02
14041,0.9933333333333333
5324,0.08333333333333333
2155,0.056666666666666664
13203,0.14
3274,0.013333333333333334
7713,0.9866666666666667
1828,0.03
908,0.33
7418,0.6
17800,0.99
1832,1.0
14826,0.9466666666666667
16241,0.65
12326,1.0
6204,0.9966666666666667
3897,0.9966666666666667
29,0.09333333333333334
8119,0.056666666666666664
17451,0.12333333333333334
666,0.12666666666666668
9064,0.9933333333333333
15052,0.9966666666666667
16824,0.9966666666666667
13818,0.14666666666666667
16050,1.0
8701,0.2633333333333333
12781,0.9966666666666667
2041,0.08333333333333333
14147,0.99
12785,0.13666666666666666
4644,0.04666666666666667
2433,0.9866666666666667
1087,0.25
10813,0.06666666666666667
9931,1.0
6125,0.043333333333333335
10196,0.04666666666666667
14738,0.013333333333333334
1731,0.9866666666666667
3327,0.23333333333333334
10580,0.10666666666666667
1602,0.30333333333333334
1704,0.02
6452,0.17333333333333334
9652,0.9866666666666667
8353,1.0
6981,0.15666666666666668
5825,0.4033333333333333
5097,0.05333333333333334
4450,0.03666666666666667
5892,0.9666666666666667
14870,0.14
9503,0.9966666666666667
635,0.08666666666666667
1583,0.9966666666666667
377,0.2966666666666667
11460,0.12333333333333334
6499,0.03333333333333333
4620,0.09666666666666666
3846,0.9766666666666667
10602,0.09333333333333334
17531,0.26666666666666666
14039,0.13
13650,0.016666666666666666
10045,0.09333333333333334
17186,0.9666666666666667
3747,0.11666666666666667
16168,0.10666666666666667
7434,0.1
75,0.9966666666666667
17342,1.0
1810,0.15333333333333332
14866,0.9833333333333333
3110,0.07666666666666666
7592,0.18666666666666668
6261,0.09666666666666666
13608,0.12
10463,0.3433333333333333
9505,0.98
8996,0.9966666666666667
8272,0.03
14956,0.013333333333333334
9615,0.22
10754,0.19666666666666666
10915,0.12666666666666668
974,0.19666666666666666
14435,0.02666666666666667
10230,0.9933333333333333
9968,0.9833333333333333
9866,0.10333333333333333
6995,0.006666666666666667
8381,0.23
9476,0.05
10128,0.03
16327,0.25333333333333335
614,0.9833333333333333
11962,0.39
2276,0.15333333333333332
4889,0.04666666666666667
8866,0.9933333333333333
11324,0.9966666666666667
10092,0.02666666666666667
903,1.0
2614,0.9866666666666667
4297,1.0
457,0.9933333333333333
1129,0.9833333333333333
11983,0.016666666666666666
16186,0.14
9186,0.006666666666666667
8902,0.13333333333333333
7787,0.03333333333333333
1098,0.9466666666666667
9862,0.9766666666666667
4612,0.04666666666666667
11782,0.33
7687,0.07
7746,0.9966666666666667
5660,0.8766666666666667
6560,0.8466666666666667
4953,0.9933333333333333
10120,0.10333333333333333
13918,0.23
9297,0.04
11526,0.05333333333333334
11688,0.99
604,0.04
13907,0.18666666666666668
15392,0.9966666666666667
13811,0.9233333333333333
13171,0.9966666666666667
1215,0.02666666666666667
15111,1.0
9701,0.2966666666666667
10854,0.9433333333333334
135,1.0
10733,0.20666666666666667
6809,0.9666666666666667
15813,0.8
2396,0.3
12299,0.1
17309,0.16666666666666666
6590,0.13666666666666666
1998,0.0
2367,0.32666666666666666
14736,0.9933333333333333
640,0.9533333333333334
2605,0.9866666666666667
6102,0.14666666666666667
2706,0.05
15045,0.25333333333333335
8596,0.9933333333333333
4682,0.9833333333333333
1110,0.9966666666666667
11419,0.10333333333333333
12520,0.13
14138,0.023333333333333334
10994,0.013333333333333334
3922,0.05333333333333334
4322,0.07
978,0.13666666666666666
9864,0.9966666666666667
1917,0.20666666666666667
9556,0.94
688,0.05333333333333334
1774,0.15333333333333332
820,0.03333333333333333
12474,0.03666666666666667
9634,0.06
17709,0.11333333333333333
14063,1.0
187,0.9933333333333333
17150,0.09666666666666666
9172,0.09
11411,0.22
11717,0.9533333333333334
53,0.9966666666666667
6020,0.023333333333333334
11235,0.24666666666666667
3731,0.9733333333333334
9890,0.9666666666666667
12684,0.23666666666666666
10146,0.04666666666666667
14615,0.09
12689,0.9866666666666667
14574,0.9733333333333334
16442,0.06333333333333334
2288,0.98
11775,0.056666666666666664
1487,0.06666666666666667
1579,0.08666666666666667
5608,0.05333333333333334
4555,0.02666666666666667
12747,0.4866666666666667
3370,0.2733333333333333
1593,0.043333333333333335
10346,0.25333333333333335
14988,0.18666666666666668
6412,0.3
7118,0.10666666666666667
1166,0.21333333333333335
5612,0.023333333333333334
10711,0.27
10107,0.9933333333333333
11787,0.056666666666666664
8343,0.10666666666666667
12936,0.14666666666666667
13085,0.13666666666666666
14478,0.07333333333333333
8491,0.9833333333333333
7043,0.39
11864,0.5966666666666667
14986,0.9866666666666667
9649,0.11
14272,0.10666666666666667
1150,0.06333333333333334
1969,1.0
15119,0.9933333333333333
6816,0.09666666666666666
13438,0.18333333333333332
6661,0.07333333333333333
4956,0.9566666666666667
6329,0.043333333333333335
14405,0.06333333333333334
4650,0.17
13132,0.05
16636,0.9933333333333333
4443,0.9966666666666667
2496,0.5466666666666666
3989,0.10666666666666667
12996,0.97
12636,0.0033333333333333335
17812,0.06
11661,0.12
11126,0.013333333333333334
16359,0.06
16157,0.0033333333333333335
7254,0.14666666666666667
5586,0.11333333333333333
16967,0.07666666666666666
12515,0.1
4766,0.98
16011,0.3
2962,0.05
13497,1.0
6065,0.14666666666666667
8817,0.9866666666666667
7985,0.06
5014,0.9866666666666667
15355,1.0
7146,0.0033333333333333335
4074,0.1
12762,1.0
9520,1.0
16854,1.0
5379,0.04
9911,0.08666666666666667
14990,0.3933333333333333
15183,0.9833333333333333
10234,0.26
13740,0.03333333333333333
6257,0.13666666666666666
5268,0.9966666666666667
10963,0.17666666666666667
11270,0.9966666666666667
16182,1.0
5305,0.8633333333333333
15358,0.9933333333333333
15383,0.09333333333333334
11934,0.9966666666666667
11149,0.9933333333333333
9679,0.35
6365,0.13
9351,0.11333333333333333
12107,0.21666666666666667
5720,0.03666666666666667
8210,1.0
12807,0.98
15077,0.73
9335,0.01
7876,0.09666666666666666
10345,0.0033333333333333335
3390,0.07333333333333333
12190,0.0033333333333333335
12497,0.11666666666666667
1842,0.03333333333333333
3801,0.023333333333333334
15528,0.03333333333333333
10398,1.0
13397,0.16
7970,0.12333333333333334
12064,0.023333333333333334
12870,0.11666666666666667
1894,0.3433333333333333
10971,0.04
8355,1.0
10044,0.39
4125,0.16333333333333333
1672,0.17333333333333334
9384,0.18666666666666668
2908,1.0
8557,0.9633333333333334
4493,0.9733333333333334
17530,0.24333333333333335
10336,0.9966666666666667
3856,0.9872222222222223
10466,0.95
10132,0.21666666666666667
2645,0.9966666666666667
4100,0.9933333333333333
1026,0.9333333333333333
4767,0.006666666666666667
16598,0.9966666666666667
575,0.8166666666666667
846,0.7966666666666666
17489,0.11
4888,0.9966666666666667
6979,0.14666666666666667
1012,0.3333333333333333
16503,0.023333333333333334
17379,0.09
9482,0.27
4951,0.03333333333333333
2843,0.9533333333333334
511,0.17
14672,0.13333333333333333
3704,0.26
10621,0.18333333333333332
17263,0.20666666666666667
8378,0.16
6377,0.29333333333333333
12759,0.9866666666666667
12475,0.27666666666666667
7020,1.0
15144,0.9833333333333333
12746,0.07666666666666666
11354,0.19666666666666666
17570,0.05
8748,0.22333333333333333
6663,0.3933333333333333
2224,0.04666666666666667
13422,0.9933333333333333
9106,0.9766666666666667
9784,0.9966666666666667
700,0.26666666666666666
7789,0.22
15448,0.42333333333333334
16441,0.13333333333333333
12162,0.9966666666666667
10031,0.04
7819,0.01
9619,1.0
16486,0.17666666666666667
17316,0.05333333333333334
13162,0.99
5464,0.08333333333333333
7758,1.0
10710,0.14333333333333334
4574,0.98
5785,0.15666666666666668
7886,1.0
10256,0.023333333333333334
85,0.8766666666666667
3314,0.05
7509,0.20666666666666667
12132,0.22333333333333333
2536,0.11333333333333333
11549,0.9866666666666667
11159,0.94
1196,0.07333333333333333
4324,0.02
3224,0.98
1148,0.21666666666666667
12533,0.08
14647,0.01
17049,0.04
6948,0.03
2971,0.14
5075,0.08666666666666667
13399,0.0033333333333333335
12496,0.9566666666666667
1268,0.9866666666666667
9944,1.0
16490,0.04666666666666667
15762,0.07333333333333333
3391,0.023333333333333334
8763,0.9966666666666667
1186,0.04666666666666667
11700,1.0
10790,0.17666666666666667
13476,0.06333333333333334
1339,0.0
2514,0.043333333333333335
6476,0.06
924,0.13
11877,0.04
13895,0.06666666666666667
5990,0.22
1338,0.2633333333333333
9375,0.9933333333333333
5776,0.08333333333333333
13677,0.9933333333333333
10938,0.06666666666666667
7648,0.03666666666666667
10082,0.10333333333333333
4470,0.09666666666666666
1563,0.33666666666666667
8051,0.0033333333333333335
9414,0.056666666666666664
5520,0.26666666666666666
276,0.01
12308,0.06
6764,0.11
17857,0.12666666666666668
12615,0.9966666666666667
12666,0.9966666666666667
12454,0.05333333333333334
14932,0.98
11271,0.28
3968,0.05333333333333334
8181,0.12
3850,0.16
609,0.9633333333333334
10662,0.8766666666666667
15083,0.9966666666666667
16815,0.03666666666666667
16910,0.21666666666666667
5081,0.07333333333333333
2794,0.9366666666666666
12598,0.96
10383,0.11333333333333333
8191,0.9866666666666667
11605,1.0
4535,0.16
2574,0.99
8897,0.9866666666666667
10061,0.03333333333333333
10479,0.9966666666666667
17289,0.07
16617,0.04666666666666667
2360,0.0
12021,0.38
5418,0.02666666666666667
13035,0.71
3256,0.9966666666666667
10923,0.13666666666666666
6659,0.9966666666666667
17565,0.9833333333333333
3183,0.97
11468,0.21333333333333335
11969,0.04
7454,0.33
1954,1.0
17251,0.35333333333333333
12682,0.15666666666666668
1230,0.35
7780,0.06
7195,0.11666666666666667
15752,0.08666666666666667
1231,0.03
8976,1.0
14903,0.09333333333333334
4115,0.9933333333333333
10011,0.02666666666666667
10273,0.9933333333333333
897,0.14
16728,0.9766666666666667
6112,0.9733333333333334
6498,0.03333333333333333
4314,0.043333333333333335
1875,1.0
2779,0.01
2293,0.9833333333333333
11718,0.9633333333333334
15108,0.9933333333333333
1289,0.2633333333333333
2602,0.6466666666666666
5334,0.2866666666666667
10055,0.5566666666666666
3988,0.09333333333333334
5350,0.96
9260,0.9433333333333334
7697,0.9966666666666667
7800,0.04
4540,0.9866666666666667
10074,0.9966666666666667
11000,0.9866666666666667
3403,0.013333333333333334
4923,0.9966666666666667
4433,0.9933333333333333
13937,0.0033333333333333335
2358,0.02
735,1.0
6604,0.4633333333333333
15091,0.58
11092,0.99
7690,0.19666666666666666
16811,0.09
16693,0.19
5730,0.9866666666666667
15593,0.02
11834,0.043333333333333335
1977,0.97
5815,0.9433333333333334
4755,0.01
11633,0.99
17539,0.05
14100,0.043333333333333335
10350,1.0
10890,0.2866666666666667
5361,0.9933333333333333
97,0.19
4876,0.9633333333333334
14173,0.97
2538,0.99
1525,0.04666666666666667
10946,0.06333333333333334
16528,0.13333333333333333
1565,0.14333333333333334
14604,0.006666666666666667
3293,0.04666666666666667
16203,0.07333333333333333
6203,0.9966666666666667
5120,0.5466666666666666
10812,0.06333333333333334
17136,0.9966666666666667
16751,0.006666666666666667
4143,0.05333333333333334
16874,0.9866666666666667
2904,1.0
14832,0.21
7748,0.9566666666666667
16275,0.09666666666666666
7281,0.05333333333333334
9428,0.3433333333333333
11102,0.9733333333333334
9393,0.9433333333333334
1421,0.31666666666666665
840,0.09666666666666666
5893,0.06
536,0.05
12247,0.05
613,0.13
14855,0.10333333333333333
7239,0.93
15281,1.0
9111,0.013333333333333334
2707,0.06666666666666667
3706,0.8333333333333334
5600,0.11666666666666667
834,0.9966666666666667
4461,0.11
6959,1.0
14301,0.056666666666666664
3821,0.13333333333333333
13766,0.056666666666666664
111,0.12666666666666668
6601,0.9666666666666667
15234,0.9966666666666667
15645,0.9633333333333334
3910,0.03
14432,0.14666666666666667
3162,0.05
10039,0.9533333333333334
17542,0.32666666666666666
6602,0.1
5393,0.07
12740,0.4666666666666667
10214,0.10666666666666667
3587,0.94
9753,0.66
6986,0.07
16258,0.016666666666666666
5450,0.6866666666666666
10403,0.9866666666666667
12667,0.43333333333333335
2255,0.11
16237,0.99
4975,0.9966666666666667
5233,0.9866666666666667
11246,1.0
7506,1.0
2411,0.9433333333333334
4299,0.07
7822,1.0
1109,0.02666666666666667
17690,0.9066666666666666
9038,1.0
4271,0.41333333333333333
8942,0.14
11222,0.0
454,0.99
17045,0.96
17512,0.13666666666666666
13096,0.07
12024,0.06
12567,0.9833333333333333
12998,0.16
16927,0.95
13084,0.9633333333333334
12699,1.0
3455,1.0
8548,0.023333333333333334
4688,0.08666666666666667
7996,0.06666666666666667
8521,0.03
15774,0.33666666666666667
3905,0.0
2279,0.01
9950,0.07333333333333333
6351,0.10666666666666667
16456,0.09333333333333334
15640,0.29
11675,0.66
5431,0.17666666666666667
9573,0.17
17109,0.05
309,0.20333333333333334
10805,0.9466666666666667
6672,1.0
583,0.9966666666666667
940,0.12
5829,0.13333333333333333
5386,0.07333333333333333
10596,0.17
9322,0.04
12278,0.9633333333333334
9381,0.04
7341,0.9733333333333334
8855,0.07
2188,0.05
11049,0.22666666666666666
9792,0.15666666666666668
13586,0.9833333333333333
12036,0.02666666666666667
9914,0.9966666666666667
6216,0.06333333333333334
11449,0.9866666666666667
17179,0.07666666666666666
8449,0.9
4506,0.9666666666666667
2786,0.9866666666666667
9729,1.0
13258,0.9933333333333333
10200,0.04
5410,0.9766666666666667
21,0.5633333333333334
10485,0.15333333333333332
1261,0.97
5442,0.9966666666666667
10866,0.06666666666666667
341,0.11333333333333333
6463,0.9366666666666666
1157,0.96
15893,0.9733333333333334
4751,0.043333333333333335
2572,0.20333333333333334
12074,0.09
8001,0.9733333333333334
2625,0.96
10173,0.13333333333333333
15943,0.3233333333333333
16051,1.0
14106,0.9866666666666667
865,0.023333333333333334
9979,0.02
11755,1.0
8279,0.9933333333333333
17870,0.09333333333333334
10231,0.02
16680,0.9733333333333334
4481,0.016666666666666666
16489,0.03333333333333333
2757,1.0
13204,0.3233333333333333
8267,0.9933333333333333
15761,0.09666666666666666
8955,0.9566666666666667
7759,0.2
5584,0.04666666666666667
17814,0.84
5984,0.99
12938,0.9933333333333333
2210,0.21333333333333335
14229,0.9866666666666667
6213,0.9966666666666667
11123,0.11666666666666667
2034,0.01
14960,0.9966666666666667
14210,0.05
2758,0.02
8716,0.7133333333333334
283,0.45
6931,0.07666666666666666
15769,0.9133333333333333
7292,0.11
16538,0.11666666666666667
5059,0.013333333333333334
16851,0.12333333333333334
455,0.13666666666666666
4969,0.16
7505,0.13333333333333333
418,0.7166666666666667
12661,0.25333333333333335
12113,0.14666666666666667
1550,0.18
13416,0.9966666666666667
10384,0.99
11145,0.14333333333333334
17613,0.94
1544,0.35
6838,0.0
2629,0.9366666666666666
10352,0.0033333333333333335
6741,0.9366666666666666
16436,0.98
11871,0.023333333333333334
4345,0.08666666666666667
10815,1.0
14523,0.0
4220,0.14333333333333334
12009,0.98
16773,0.016666666666666666
10884,0.9933333333333333
14499,0.9633333333333334
17625,0.08333333333333333
7521,0.04666666666666667
8516,0.03
13051,0.7766666666666666
15759,0.9933333333333333
13856,0.63
9410,0.9933333333333333
16676,0.11
3734,0.99
15894,0.03333333333333333
7491,0.9866666666666667
2361,0.15333333333333332
2638,0.04
6161,0.9933333333333333
1498,1.0
6839,0.08666666666666667
17642,0.11666666666666667
12640,0.9933333333333333
2864,0.16333333333333333
16744,0.02
10176,0.043333333333333335
6251,0.21666666666666667
11682,0.0033333333333333335
1334,0.9466666666666667
2464,0.6666666666666666
2653,0.01
1573,0.9966666666666667
15573,0.05333333333333334
17079,0.06666666666666667
16864,0.5633333333333334
1970,1.0
7700,0.15333333333333332
13520,0.12666666666666668
10981,0.03
4023,0.10333333333333333
13529,0.98
6093,0.0033333333333333335
3557,0.09666666666666666
2340,0.14666666666666667
17469,0.4066666666666667
12944,0.04666666666666667
3236,0.63
9590,0.09333333333333334
17347,0.9883333333333333
10020,0.9577777777777777
6944,0.02
3839,0.9333333333333333
13864,0.03666666666666667
5352,0.9933333333333333
4251,0.14
8709,0.07666666666666666
11256,0.9966666666666667
17604,0.3233333333333333
14758,0.99
6676,0.06333333333333334
3929,0.43
9836,0.17666666666666667
12967,0.06333333333333334
16384,0.9933333333333333
6108,0.9533333333333334
9635,0.03
13046,0.0
13382,0.13666666666666666
7606,1.0
8774,0.12333333333333334
4223,0.06333333333333334
11486,0.13333333333333333
12122,1.0
13444,0.01
4389,0.2633333333333333
11832,0.9833333333333333
13674,0.06666666666666667
17105,0.043333333333333335
6208,0.20333333333333334
4789,0.9966666666666667
16620,0.6933333333333334
4438,0.9933333333333333
5036,0.89
8386,0.76
10249,0.9966666666666667
7120,0.9833333333333333
6001,0.25333333333333335
1412,0.9766666666666667
3160,0.95
8768,0.04
1680,0.03
6885,0.14333333333333334
2991,0.12333333333333334
14931,0.9633333333333334
4955,0.01
7616,0.06
11845,0.1
16948,0.21333333333333335
1355,0.9366666666666666
15074,0.33
2187,0.08666666666666667
14646,1.0
13220,1.0
201,0.23333333333333334
1071,0.21
14778,0.20333333333333334
11169,1.0
13054,0.98
5940,0.056666666666666664
9675,0.98
9479,0.9966666666666667
14938,0.15666666666666668
3119,0.02666666666666667
6701,0.9933333333333333
11929,0.9866666666666667
5476,0.9866666666666667
402,0.11333333333333333
1413,0.9966666666666667
13990,0.23666666666666666
5953,0.01
8320,1.0
17831,0.2
5975,0.17666666666666667
13632,0.02666666666666667
4961,0.05333333333333334
4613,0.9566666666666667
14334,0.1
13358,0.8066666666666666
15154,0.9966666666666667
5397,0.99
17226,0.03666666666666667
16307,0.08666666666666667
6458,0.9966666666666667
13678,0.06666666666666667
3604,0.14
14851,0.9833333333333333
6084,0.9933333333333333
383,0.6133333333333333
4831,0.12333333333333334
4892,0.19666666666666666
6431,0.28
15868,0.023333333333333334
6034,1.0
14626,0.2
1499,0.98
3187,1.0
874,0.12
10744,0.9866666666666667
15053,0.9866666666666667
11442,0.023333333333333334
15451,0.07666666666666666
17510,0.07
14845,0.9466666666666667
3895,0.9866666666666667
4154,0.056666666666666664
16115,0.11333333333333333
4649,0.96
13509,0.9466666666666667
6196,0.9833333333333333
7583,0.9866666666666667
456,0.9366666666666666
7425,0.99
3340,0.9933333333333333
2616,0.08666666666666667
7661,0.07
4762,0.9666666666666667
5740,0.023333333333333334
2356,0.006666666666666667
14413,0.97
12620,0.18333333333333332
185,0.06666666666666667
5751,0.9733333333333334
4794,0.9966666666666667
8113,0.9233333333333333
4519,0.06
12449,0.17333333333333334
6649,0.16
15585,0.26666666666666666
11574,0.8066666666666666
5909,0.2733333333333333
14530,0.05333333333333334
6450,0.24
9978,0.37
11331,1.0
6861,0.9733333333333334
9202,0.9866666666666667
8458,0.9366666666666666
1,0.98
10012,0.07333333333333333
15980,0.11
3621,0.056666666666666664
11110,0.056666666666666664
7249,0.9266666666666666
12797,0.26
11017,0.98
3607,0.07
1665,0.9866666666666667
524,0.06333333333333334
8644,0.14333333333333334
10,0.9966666666666667
12658,0.9966666666666667
7279,0.9866666666666667
13747,0.07333333333333333
16220,0.9433333333333334
7097,0.02
7915,0.21
5475,0.21333333333333335
4103,0.21
9270,0.9933333333333333
5478,0.21
5357,0.01
1642,0.26
4598,0.18666666666666668
4827,0.9966666666666667
13375,0.19333333333333333
3149,0.5066666666666667
17327,0.10333333333333333
13563,0.02
15131,0.44
16339,0.07333333333333333
12058,0.08333333333333333
9483,0.27
2550,0.9566666666666667
2894,0.9966666666666667
13545,0.9966666666666667
8442,1.0
11085,0.016666666666666666
8706,0.013333333333333334
11231,1.0
14543,0.24
17388,0.20333333333333334
1233,0.0
10511,1.0
14489,0.05
5126,0.0033333333333333335
9019,0.9533333333333334
15057,0.99
11491,0.98
6827,0.07666666666666666
10161,0.03
7959,0.07
12630,0.03333333333333333
16810,0.13666666666666666
192,0.9866666666666667
17069,0.17333333333333334
3880,0.6733333333333333
6305,0.03666666666666667
15951,0.15666666666666668
3665,0.0
15964,0.08333333333333333
9550,0.9733333333333334
6857,0.17666666666666667
7531,0.5266666666666666
16447,0.08
7772,0.11666666666666667
8019,1.0
15303,1.0
3155,0.013333333333333334
292,0.21666666666666667
15587,0.013333333333333334
16908,0.9433333333333334
13000,0.9766666666666667
10611,0.9733333333333334
12186,0.31333333333333335
14445,0.06333333333333334
13330,0.22
13522,0.9333333333333333
16197,0.9966666666666667
729,0.21333333333333335
6384,0.9833333333333333
7833,0.08
327,0.9866666666666667
4004,0.21
944,0.03333333333333333
3171,0.37
13872,0.0033333333333333335
6589,0.013333333333333334
1863,0.9833333333333333
17516,0.05333333333333334
12351,0.9766666666666667
16487,0.12333333333333334
8710,0.9933333333333333
4645,0.17333333333333334
9497,0.08
11010,0.9166666666666666
9500,0.1
12462,0.0033333333333333335
13122,0.056666666666666664
6854,0.9733333333333334
10554,0.36666666666666664
1520,0.0033333333333333335
14671,1.0
9894,0.18666666666666668
12634,0.9833333333333333
14807,0.09333333333333334
3958,0.23
14051,0.3
17359,0.056666666666666664
5091,0.023333333333333334
3373,0.98
1821,0.05333333333333334
2837,0.14
15413,0.02666666666666667
1686,0.1
12508,0.6066666666666667
14839,0.99
10760,0.20666666666666667
10679,0.06666666666666667
9276,0.9966666666666667
7516,0.6766666666666666
4835,0.07666666666666666
8867,0.11333333333333333
10564,0.9366666666666666
5711,0.9966666666666667
15992,0.99
3442,0.9166666666666666
7635,1.0
7589,0.22
17790,0.9866666666666667
13384,0.98
1477,0.10333333333333333
5217,0.0033333333333333335
165,1.0
12311,0.94
15125,0.24
793,1.0
16826,0.11666666666666667
9599,0.11666666666666667
8391,0.13666666666666666
8790,0.9566666666666667
13646,0.99
17480,0.98
13921,0.05333333333333334
1673,0.05
813,0.9466666666666667
17130,0.37
4546,0.15
12889,0.9833333333333333
9988,0.99
9977,0.21333333333333335
4844,0.29333333333333333
7582,0.24
14325,0.09666666666666666
3681,0.05333333333333334
15985,0.24666666666666667
853,0.98
16302,0.12666666666666668
8092,0.11
16838,0.016666666666666666
2495,1.0
8573,0.14333333333333334
17597,0.7233333333333334
5842,0.97
2309,0.05333333333333334
13138,0.7233333333333334
10803,0.013333333333333334
15560,0.9766666666666667
8177,0.08333333333333333
14111,0.07
9164,0.9933333333333333
1266,0.9266666666666666
4652,0.0033333333333333335
7001,0.0
2767,0.9966666666666667
8155,0.99
6051,0.05333333333333334
8556,0.12333333333333334
5663,0.20333333333333334
10297,0.03333333333333333
5868,0.13666666666666666
659,0.02666666666666667
1331,0.9966666666666667
11396,1.0
13078,0.27
10958,0.9933333333333333
13170,0.02
9736,0.06666666666666667
11353,0.02666666666666667
3744,0.15333333333333332
6387,0.9633333333333334
14297,0.9766666666666667
16303,0.9933333333333333
1111,0.04666666666666667
8621,0.21333333333333335
5291,1.0
7472,0.13333333333333333
109,0.08666666666666667
12446,0.18
13306,0.9666666666666667
17000,0.94
14728,1.0
8617,0.11
92,0.96
10096,0.16666666666666666
3492,0.02
5611,1.0
16643,0.013333333333333334
2642,0.12333333333333334
14011,0.49333333333333335
8501,0.9866666666666667
4672,0.22666666666666666
1934,0.9966666666666667
8526,0.09
17195,0.25333333333333335
13576,0.17666666666666667
7539,0.023333333333333334
16925,0.12
13095,1.0
1236,0.17666666666666667
987,0.03
3014,1.0
7222,0.056666666666666664
5221,0.09333333333333334
441,0.19333333333333333
16294,0.08
325,0.9933333333333333
1869,0.14333333333333334
4877,0.11
12764,0.9966666666666667
17373,0.99
14811,0.10333333333333333
8529,0.8733333333333333
10907,0.98
6681,0.19
1660,1.0
8525,0.07
2881,0.04
16080,0.7166666666666667
336,0.9966666666666667
3830,0.12666666666666668
3752,1.0
5348,0.98
14971,0.9933333333333333
14682,0.24333333333333335
12918,0.9933333333333333
2174,0.03
5345,0.03333333333333333
10228,0.11333333333333333
5698,0.056666666666666664
13792,0.11
718,0.09
9892,0.11333333333333333
15449,0.24
15163,0.9966666666666667
17462,0.99
13387,1.0
3498,0.945
13556,0.01
4388,1.0
7692,0.03333333333333333
9052,0.18333333333333332
15414,0.9866666666666667
2346,0.9166666666666666
17411,0.03666666666666667
5884,0.20666666666666667
1800,0.03666666666666667
4615,0.013333333333333334
368,0.08
7649,0.7166666666666667
3842,0.9933333333333333
10156,0.0033333333333333335
3491,0.98
15977,1.0
10917,0.14666666666666667
14663,0.06333333333333334
4326,0.21666666666666667
13683,0.47
11061,0.14666666666666667
1066,0.06
9182,0.99
242,1.0
13739,0.0033333333333333335
1679,0.9866666666666667
2624,0.01
10633,0.9766666666666667
10467,0.99
16071,0.01
1021,0.006666666666666667
13272,0.05
15652,0.6933333333333334
13986,0.2633333333333333
5286,0.9166666666666666
13048,0.9933333333333333
12540,0.19333333333333333
1140,0.04
2814,0.02666666666666667
14978,0.03666666666666667
7102,0.2
3347,0.9933333333333333
10250,0.10666666666666667
11279,0.006666666666666667
12359,0.01
8971,0.11666666666666667
4276,1.0
12828,0.03333333333333333
1872,0.23666666666666666
9255,0.6766666666666666
12330,0.02
3441,0.18
4201,0.013333333333333334
1243,0.97
13090,0.9933333333333333
3221,0.04666666666666667
7331,0.9633333333333334
9827,0.013333333333333334
2915,0.94
16918,0.08
3408,0.9233333333333333
2610,0.9338888888888888
9464,0.9933333333333333
15581,0.16
10334,0.9933333333333333
10636,1.0
4185,0.14666666666666667
6615,0.13666666666666666
4604,0.06333333333333334
4782,0.99
2997,0.99
4674,0.15666666666666668
2588,0.17333333333333334
13851,0.3466666666666667
15381,0.01
10441,0.23
10496,0.16666666666666666
8953,0.97
864,0.1
7563,0.06666666666666667
7467,0.16666666666666666
17,0.19666666666666666
14705,0.9866666666666667
14127,0.22333333333333333
2756,0.13666666666666666
8806,1.0
5668,0.9166666666666666
13682,0.0
13788,0.99
17527,0.7266666666666667
11667,0.9500000000000002
4934,0.74
1085,0.01
13475,0.8866666666666667
6541,0.10333333333333333
1648,0.23666666666666666
3695,0.68
10510,1.0
2782,0.9866666666666667
1432,0.9966666666666667
1637,0.10333333333333333
5481,1.0
4067,0.16333333333333333
1346,0.24666666666666667
12386,0.17666666666666667
11669,0.13666666666666666
10047,0.17666666666666667
6696,0.9366666666666666
539,0.013333333333333334
10604,0.99
7069,0.16333333333333333
8688,0.21666666666666667
6477,0.10333333333333333
15168,0.17666666666666667
3264,0.02
948,0.12666666666666668
16134,0.023333333333333334
8116,0.02666666666666667
17248,0.11
4065,0.02
16957,0.19666666666666666
3785,0.07
422,1.0
16952,0.02
5958,0.06
13217,0.9966666666666667
3622,0.08666666666666667
1353,0.06666666666666667
1182,0.6633333333333333
6062,0.016666666666666666
17317,0.23
9900,0.98
5619,0.62
9207,0.0033333333333333335
9904,0.99
11027,0.056666666666666664
17518,0.9766666666666667
14120,0.11
6552,1.0
205,0.06666666666666667
2940,0.4166666666666667
166,0.23333333333333334
805,0.0033333333333333335
4165,0.17
3285,0.09
7701,0.8566666666666667
15438,0.9933333333333333
4727,0.03666666666666667
5604,0.9633333333333334
13093,0.06666666666666667
12397,0.20333333333333334
1619,0.9866666666666667
8178,0.9466666666666667
4818,0.056666666666666664
13188,0.9516666666666667
7971,0.23666666666666666
14624,0.9333333333333333
10378,0.24
17063,0.17666666666666667
5262,0.023333333333333334
480,0.0
8035,0.03
14698,0.21333333333333335
12659,0.09666666666666666
17336,0.9888888888888888
4626,0.9866666666666667
9480,0.9966666666666667
396,0.7266666666666667
858,0.0033333333333333335
2787,0.99
15952,0.3933333333333333
17124,0.04666666666666667
9264,0.31333333333333335
9605,0.2633333333333333
17632,0.25333333333333335
6404,0.03
5812,0.09333333333333334
277,0.10333333333333333
10059,0.8533333333333334
122,0.9933333333333333
8874,0.98
15734,0.99
6977,0.07
6973,0.06
16590,0.06333333333333334
7011,0.08333333333333333
13572,0.27
15856,0.16666666666666666
244,0.04
9561,0.9866666666666667
5436,0.11333333333333333
8237,0.023333333333333334
1469,0.043333333333333335
7460,0.9933333333333333
15134,0.98
6140,0.09
16986,0.99
8614,0.9966666666666667
15871,0.08333333333333333
14373,0.11333333333333333
14757,0.03
3056,0.56
8558,0.9966666666666667
3234,0.03666666666666667
17376,0.48333333333333334
6333,0.12333333333333334
4858,0.12666666666666668
8475,1.0
7859,0.08
10741,0.24666666666666667
14050,0.9933333333333333
2945,0.12333333333333334
6782,0.2
15387,0.02
5915,0.25333333333333335
14651,1.0
2713,0.99
1058,0.98
3151,0.9966666666666667
9591,0.18666666666666668
9572,0.11
4137,0.25
16681,0.03
14693,0.9966666666666667
2386,0.03666666666666667
2836,0.05333333333333334
6401,1.0
4608,0.94
5205,0.99
8772,0.04666666666666667
13433,0.15333333333333332
15280,0.6733333333333333
14729,0.1
5835,0.25666666666666665
9090,0.10333333333333333
5532,0.3233333333333333
11023,0.99
5757,0.03333333333333333
12614,1.0
8196,0.9666666666666667
14802,0.9666666666666667
209,0.043333333333333335
12817,0.006666666666666667
2135,0.14333333333333334
3602,0.08333333333333333
10799,0.13
16505,0.9966666666666667
2399,1.0
14183,0.03666666666666667
11054,0.3
15833,0.07333333333333333
13124,0.17
4736,0.03
5858,0.0033333333333333335
6054,0.03666666666666667
220,0.9833333333333333
5197,0.22333333333333333
9358,0.14
2856,0.0
9366,0.9794444444444443
4544,0.1
10464,0.2833333333333333
12665,1.0
3425,0.14
7906,0.28
8809,0.23
2555,0.08
13178,0.14
10800,0.03333333333333333
473,1.0
12052,0.98
15347,0.44
13469,0.08666666666666667
2372,0.22
5713,0.01
8703,0.9933333333333333
6317,0.99
4017,0.5333333333333333
2764,0.056666666666666664
16942,0.20666666666666667
3588,0.14666666666666667
14238,0.9633333333333334
9745,0.9833333333333333
3287,0.18666666666666668
10623,0.06333333333333334
8407,0.09666666666666666
5029,0.04666666666666667
16102,0.9933333333333333
15818,0.9933333333333333
14841,0.05333333333333334
12422,0.31
14764,0.7266666666666667
14653,0.7
7962,0.0
13121,0.056666666666666664
11315,0.14333333333333334
1383,0.9933333333333333
6267,0.5833333333333334
8228,0.3566666666666667
8668,0.08333333333333333
17074,1.0
3634,0.03666666666666667
16675,0.9833333333333333
9507,0.08666666666666667
16530,0.19
6188,0.99
8633,0.9933333333333333
7548,0.056666666666666664
11286,1.0
13344,0.9933333333333333
10694,0.04
14946,0.08333333333333333
1713,0.11
7448,0.12
8993,0.99
4914,0.08333333333333333
15261,0.9966666666666667
8631,0.03666666666666667
7549,0.9833333333333333
7061,0.93
3393,0.9966666666666667
5131,0.0
6493,0.013333333333333334
16277,1.0
12612,0.18333333333333332
7854,0.06
6058,0.043333333333333335
4363,0.07
14519,0.9866666666666667
5232,0.16333333333333333
4305,1.0
7199,0.17
1786,0.9933333333333333
10111,0.31666666666666665
12263,0.04666666666666667
14496,0.9866666666666667
7317,0.14
8687,0.9866666666666667
6691,0.08333333333333333
4250,0.8133333333333334
6381,0.03333333333333333
11806,0.96
16686,0.99
14209,0.6833333333333333
11801,0.07666666666666666
4949,0.9233333333333333
1494,0.5133333333333333
286,0.17333333333333334
10594,0.02666666666666667
2001,0.11
14674,0.09
14286,0.23666666666666666
10988,0.13333333333333333
15570,0.21
2447,0.13666666666666666
12017,0.92
1683,0.4666666666666667
13786,0.9866666666666667
1815,0.03
12328,0.9866666666666667
10552,0.15666666666666668
17785,0.9966666666666667
5106,0.08666666666666667
48,0.9266666666666666
14321,0.10333333333333333
14142,0.13666666666666666
11124,0.9633333333333334
14346,0.06333333333333334
6540,0.11666666666666667
7145,0.18333333333333332
9247,0.013333333333333334
7202,0.06
2423,0.81
9324,0.43
1534,0.98
8200,0.05333333333333334
7728,0.013333333333333334
8689,0.10333333333333333
133,0.12
17384,0.18
2884,0.10333333333333333
11184,0.02666666666666667
14473,0.03666666666666667
9163,0.11333333333333333
10434,0.38333333333333336
14265,0.13333333333333333
14836,0.9933333333333333
5609,0.6366666666666667
14676,0.75
14361,0.9966666666666667
2418,1.0
8676,0.9966666666666667
7188,0.99
17349,0.9933333333333333
10339,0.10333333333333333
4627,0.06
11239,0.94
17293,0.11666666666666667
10034,1.0
14151,0.17
6972,0.06
14596,0.14
7108,0.09666666666666666
15396,0.21333333333333335
12880,0.99
2359,0.9833333333333333
7321,0.9633333333333334
9109,0.02666666666666667
2176,0.74
5869,0.006666666666666667
2534,0.09333333333333334
3912,0.15333333333333332
11943,1.0
7272,0.9866666666666667
6128,0.16333333333333333
15272,1.0
4902,0.013333333333333334
6546,0.18
6781,0.99
7009,0.0
5477,0.9966666666666667
6436,0.14333333333333334
14727,1.0
7032,1.0
17253,0.08666666666666667
5465,0.88
5190,0.03
14128,0.12333333333333334
5773,0.23333333333333334
14772,0.17
11603,0.99
17184,0.14666666666666667
1034,0.05333333333333334
7613,0.0
15334,1.0
13142,0.05
15797,0.9166666666666666
7002,0.9066666666666666
10104,0.056666666666666664
13167,0.07666666666666666
2249,0.16333333333333333
9110,0.98
5519,0.10333333333333333
12145,0.19666666666666666
3214,0.21666666666666667
8844,0.15666666666666668
17824,0.05333333333333334
7256,0.9766666666666667
17235,0.98
8190,0.05
1046,0.9933333333333333
16480,0.9833333333333333
13069,0.22666666666666666
14830,0.18
17620,1.0
8850,0.11666666666666667
1199,0.06
11252,1.0
15088,0.3433333333333333
12261,0.17333333333333334
7413,0.9133333333333333
7233,0.24666666666666667
3012,0.95
17727,0.9566666666666667
16438,0.16666666666666666
3038,0.9966666666666667
4289,0.10666666666666667
15806,0.9933333333333333
13317,0.05
10211,1.0
2812,0.19333333333333333
4007,0.016666666666666666
5933,0.18666666666666668
15512,0.07333333333333333
9323,0.16666666666666666
8898,0.25
3041,0.43666666666666665
6914,0.85
14806,0.2633333333333333
685,0.20666666666666667
4812,0.94
3948,0.06333333333333334
5027,0.99
11226,0.006666666666666667
9767,0.9733333333333334
2043,0.25333333333333335
12174,0.9466666666666667
5440,0.18333333333333332
13237,0.02
1025,0.99
15418,0.99
3368,0.9966666666666667
7921,0.023333333333333334
2990,1.0
9730,0.12666666666666668
9768,0.9933333333333333
17083,0.2
4616,0.9866666666666667
14846,0.10333333333333333
1812,0.04666666666666667
15619,0.99
1720,1.0
10239,0.07
11093,0.15
5283,0.09666666666666666
16940,0.09
1270,1.0
11383,0.38
12124,1.0
12545,0.02
3962,0.07333333333333333
3784,0.9866666666666667
6708,0.01
5605,0.27
1298,1.0
6497,0.02
17171,0.17333333333333334
14493,0.19666666666666666
16059,0.22666666666666666
7073,0.02
4476,0.9733333333333334
4572,0.1
15583,0.9866666666666667
3139,0.9533333333333334
14194,0.14333333333333334
6762,0.13
11850,0.06666666666666667
6612,0.4166666666666667
14657,0.9833333333333333
12560,0.11333333333333333
9726,0.07333333333333333
4436,0.9833333333333333
13957,0.9833333333333333
13273,0.2
5209,0.1
12331,1.0
16409,0.9666666666666667
5631,0.03666666666666667
6321,0.5966666666666667
15620,0.9933333333333333
3446,0.9933333333333333
16141,0.09
5280,0.87
8294,0.11333333333333333
13445,0.15
6921,0.2866666666666667
16627,1.0
16604,0.98
2248,0.9933333333333333
9492,0.9933333333333333
10429,0.08666666666666667
13985,0.17666666666666667
17206,0.04666666666666667
5456,0.0033333333333333335
10433,0.24333333333333335
14815,0.99
16581,0.02666666666666667
17033,0.8766666666666667
10279,0.24333333333333335
13404,0.23
11497,0.34
11268,0.09333333333333334
11409,0.006666666666666667
14250,0.2
15569,0.09666666666666666
6794,0.9633333333333334
11176,0.05
2457,1.0
5317,0.09666666666666666
16453,0.043333333333333335
10898,1.0
1965,0.06
15800,0.15666666666666668
5486,0.03666666666666667
13899,1.0
14544,0.9766666666666667
13074,0.9966666666666667
11263,0.11333333333333333
16407,0.23666666666666666
12736,0.04666666666666667
3762,0.03666666666666667
4300,0.9966666666666667
6446,0.03
12492,0.12
16669,0.09666666666666666
3719,0.03666666666666667
11722,0.45
4783,0.9833333333333333
6652,0.03
7148,0.9233333333333333
3781,0.9433333333333334
16532,0.98
12200,1.0
13040,0.9933333333333333
14461,0.006666666666666667
10349,0.98
3423,0.04
4041,0.99
14208,0.5766666666666667
8417,0.9933333333333333
15578,0.9966666666666667
16250,0.06333333333333334
11499,0.99
9091,0.03666666666666667
11640,1.0
12303,0.11333333333333333
3020,0.07
16459,0.023333333333333334
1799,0.07
9655,0.17
2214,0.13333333333333333
6293,0.12333333333333334
7436,0.9966666666666667
4113,0.8611111111111113
8263,0.2
3605,0.01
3375,0.21333333333333335
13858,0.9966666666666667
13952,0.09333333333333334
4434,0.4
2469,0.98
13201,0.016666666666666666
4372,0.18
431,0.18666666666666668
2029,0.14
7175,0.9966666666666667
6539,0.19
1931,0.9966666666666667
12018,0.6466666666666666
13569,0.2866666666666667
17810,0.08333333333333333
13843,0.9966666666666667
7816,0.20333333333333334
6595,0.94
16828,0.07666666666666666
14997,0.9866666666666667
7554,0.14333333333333334
17160,0.21333333333333335
9108,1.0
15004,0.9733333333333334
6535,0.02666666666666667
8233,0.08333333333333333
5921,1.0
8571,0.9866666666666667
49,0.9866666666666667
798,0.36333333333333334
1224,0.9866666666666667
16082,0.9966666666666667
12956,0.17333333333333334
6572,0.03333333333333333
10912,1.0
11448,0.12333333333333334
10310,0.04
5038,0.8566666666666667
7579,0.02666666666666667
13364,0.006666666666666667
15003,0.11333333333333333
8587,0.04
13869,0.9966666666666667
9874,0.9966666666666667
3992,0.45
9707,0.2633333333333333
15169,0.9833333333333333
16655,0.9833333333333333
7752,0.9833333333333333
15365,1.0
3243,0.9966666666666667
17615,0.04
14341,0.0
10042,0.02
16108,0.25666666666666665
7799,0.25333333333333335
13859,0.16
11058,0.043333333333333335
15746,0.9866666666666667
15150,1.0
14833,0.9733333333333334
10331,0.05333333333333334
7395,0.04
17640,0.09666666666666666
10969,0.02
13105,0.11
16911,0.04666666666666667
17854,0.26666666666666666
2436,0.07
12556,0.0
6651,0.9966666666666667
6200,0.99
9289,0.9266666666666666
5046,0.9233333333333333
2448,0.056666666666666664
916,0.9966666666666667
13481,0.99
5623,0.6766666666666666
2515,0.013333333333333334
14349,0.9666666666666667
14939,0.04
10819,0.9533333333333334
3939,0.9966666666666667
13478,1.0
16377,0.016666666666666666
5764,0.12333333333333334
4679,0.15666666666666668
12222,0.9966666666666667
14979,0.056666666666666664
9278,0.36333333333333334
15811,0.08
12373,0.07333333333333333
12393,0.09666666666666666
10978,0.2733333333333333
1589,0.9533333333333334
17269,0.9966666666666667
5492,0.08666666666666667
369,0.9866666666666667
12595,0.17
1826,0.38333333333333336
9586,0.26
9239,0.9933333333333333
10842,0.05333333333333334
14228,0.006666666666666667
2807,0.9966666666666667
16690,0.49
12915,0.17666666666666667
16095,1.0
15130,0.9966666666666667
2000,0.98
11865,0.9933333333333333
6587,0.6766666666666666
12537,0.0033333333333333335
12424,0.9833333333333333
11518,0.14666666666666667
16497,0.06666666666666667
4640,0.09666666666666666
2811,0.18
10897,0.13333333333333333
14993,0.25
7152,0.5766666666666667
4280,0.13333333333333333
1497,0.9966666666666667
43,0.7833333333333333
11644,0.016666666666666666
10089,0.9866666666666667
13636,0.9966666666666667
3696,0.07666666666666666
15596,0.24333333333333335
7683,0.9566666666666667
2024,0.09666666666666666
12856,0.19
7708,0.17666666666666667
7749,0.9933333333333333
498,0.02
6752,0.9933333333333333
7055,0.9633333333333334
14180,0.12666666666666668
8848,0.96
11079,0.9933333333333333
4516,0.97
12703,0.37333333333333335
503,0.056666666666666664
11148,0.10666666666666667
2454,0.09
10718,0.12
11198,0.13333333333333333
2126,0.04666666666666667
17862,0.14666666666666667
16276,0.0
2422,0.99
3303,0.12
11018,0.11333333333333333
12138,0.06
474,0.9366666666666666
11378,0.4066666666666667
7802,1.0
15940,0.21666666666666667
15395,0.12333333333333334
12869,0.97
17183,0.9866666666666667
1524,0.043333333333333335
4047,0.5766666666666667
5142,0.9933333333333333
433,1.0
2853,0.21666666666666667
12108,0.15
189,0.99
1895,0.0033333333333333335
5949,0.07
5457,0.02
9690,0.37
4712,0.08333333333333333
3296,0.056666666666666664
9698,1.0
4062,0.9966666666666667
4109,0.01
11358,0.9933333333333333
15456,0.94
11332,0.08333333333333333
8827,0.3333333333333333
16496,0.043333333333333335
12317,1.0
7951,0.9866666666666667
10682,0.9933333333333333
7705,0.24333333333333335
17568,0.06666666666666667
6586,0.06
1363,0.9866666666666667
17496,0.11
7038,1.0
1732,0.15
6737,0.95
7892,0.52
6987,0.2866666666666667
17405,0.9833333333333333
6486,0.9533333333333334
5362,0.9466666666666667
14816,0.44333333333333336
17048,0.04
12281,0.43333333333333335
2586,0.9633333333333334
12951,0.8433333333333334
17847,0.016666666666666666
424,0.9833333333333333
3829,0.37
490,0.01
10626,0.18333333333333332
11130,0.043333333333333335
3015,0.06666666666666667
12865,0.9866666666666667
5987,0.9633333333333334
6397,0.006666666666666667
9941,0.9966666666666667
13982,1.0
17401,0.3233333333333333
10021,0.9933333333333333
1017,0.11333333333333333
8309,0.023333333333333334
9198,0.02
8453,0.23333333333333334
2622,0.056666666666666664
5222,0.9833333333333333
2039,0.09
8678,0.24
4172,1.0
11400,0.26666666666666666
9972,0.1
7566,0.19
3508,0.26
1780,0.99
15274,1.0
17582,0.26
16149,0.0033333333333333335
1144,0.14666666666666667
7679,0.013333333333333334
2302,0.35
15409,0.13333333333333333
9798,0.9966666666666667
6171,0.10666666666666667
11186,0.9966666666666667
17660,0.9
8912,0.23
3484,0.08666666666666667
12573,0.10666666666666667
3697,0.013333333333333334
2286,0.96
1547,0.0033333333333333335
10876,0.2833333333333333
13630,0.023333333333333334
2635,0.9933333333333333
12269,0.05333333333333334
5589,0.25333333333333335
6252,0.016666666666666666
15775,1.0
2867,0.013333333333333334
7238,0.04666666666666667
14716,0.95
1051,0.20666666666666667
204,0.9866666666666667
8277,0.09333333333333334
15612,0.06
15235,1.0
12749,0.11333333333333333
14116,0.21666666666666667
4332,0.97
2429,0.26666666666666666
10442,0.12666666666666668
15502,0.03333333333333333
10267,0.31
10418,0.016666666666666666
7353,0.17333333333333334
3688,0.11666666666666667
1913,0.9966666666666667
14837,0.21333333333333335
421,0.006666666666666667
5006,0.04666666666666667
17705,0.26
1922,1.0
3299,0.18
9763,0.9966666666666667
4316,0.07
7156,0.12333333333333334
10192,0.03666666666666667
11670,0.05333333333333334
9958,0.06
17073,0.28
2401,0.9933333333333333
16008,0.9833333333333333
16745,0.15666666666666668
3793,0.07333333333333333
10877,0.9866666666666667
11912,0.023333333333333334
3388,0.006666666666666667
9131,0.9966666666666667
113,0.14333333333333334
9517,1.0
2219,0.9966666666666667
11576,0.9966666666666667
17498,0.9533333333333334
16048,0.4
2656,0.023333333333333334
8498,0.9866666666666667
141,0.9966666666666667
1229,0.13666666666666666
14402,1.0
17693,0.45666666666666667
14078,0.04666666666666667
12165,0.23333333333333334
638,0.08666666666666667
2394,0.03333333333333333
11555,0.26666666666666666
9018,0.32666666666666666
13082,0.03666666666666667
321,0.99
9727,0.07333333333333333
984,0.9733333333333334
9134,0.38333333333333336
8747,0.15666666666666668
3217,0.09
14408,0.56
15526,0.04666666666666667
1794,0.17666666666666667
6176,0.056666666666666664
13582,1.0
4585,0.056666666666666664
5676,0.13666666666666666
8325,0.99
8291,0.013333333333333334
17805,0.13333333333333333
2551,1.0
528,0.1
14258,0.05333333333333334
12237,0.016666666666666666
9549,0.04
2760,0.0
6578,0.9833333333333333
13110,0.11666666666666667
15042,1.0
8275,0.056666666666666664
13560,0.10333333333333333
11224,0.023333333333333334
4135,0.17
15852,0.9933333333333333
2223,0.99
7140,0.31
12182,0.98
16858,0.12333333333333334
13929,0.07
5025,0.013333333333333334
6352,0.05333333333333334
11930,0.3233333333333333
12758,0.03
15113,0.8666666666666667
11164,1.0
9810,0.023333333333333334
2324,0.05333333333333334
2947,0.05333333333333334
1945,0.09333333333333334
14987,0.98
16599,0.3933333333333333
6266,0.04
10197,0.08
7463,0.16
3660,0.8333333333333334
6657,0.23666666666666666
3364,0.93
7740,0.05333333333333334
461,0.9933333333333333
11520,0.05333333333333334
11960,0.9566666666666667
13417,0.07333333333333333
17503,0.016666666666666666
10719,0.013333333333333334
11878,0.9833333333333333
4244,0.9933333333333333
9837,0.76
14163,0.16333333333333333
8858,0.5033333333333333
8922,0.4033333333333333
3843,1.0
17103,0.7366666666666667
12714,0.25333333333333335
601,0.9433333333333334
7469,0.03666666666666667
17715,0.11333333333333333
5686,1.0
3973,0.9933333333333333
7324,0.17666666666666667
16898,0.03666666666666667
8831,0.10666666666666667
8322,0.16
8175,0.4
10113,0.9933333333333333
5886,0.07333333333333333
17707,0.93
1531,0.9966666666666667
2596,1.0
10014,0.9766666666666667
7957,0.9833333333333333
9908,0.9966666666666667
7658,0.14
2114,0.13333333333333333
4166,0.9966666666666667
16579,0.043333333333333335
13376,0.97
11273,0.6133333333333333
5682,0.016666666666666666
10315,0.17333333333333334
4553,0.17
1253,0.013333333333333334
8821,0.39666666666666667
17102,0.9633333333333334
8765,0.6
13137,0.99
6150,0.9766666666666667
6315,0.07333333333333333
13131,0.03
4622,0.94
6603,0.97
961,0.043333333333333335
11804,0.98
16259,0.03666666666666667
9431,0.9933333333333333
606,0.9933333333333333
17450,0.18333333333333332
14483,0.98
1491,0.99
17626,0.7766666666666666
12808,0.06
6504,1.0
548,0.25
7835,0.18
16937,0.0033333333333333335
10227,0.023333333333333334
11911,1.0
15471,0.016666666666666666
5792,0.023333333333333334
5712,0.9966666666666667
13731,0.99
9720,0.10666666666666667
17001,0.15666666666666668
4117,0.04
7879,0.06333333333333334
15626,0.9866666666666667
9518,0.12333333333333334
4359,0.09333333333333334
4361,0.8433333333333334
16651,0.03333333333333333
14069,0.08666666666666667
6680,0.18333333333333332
8714,0.29
6473,0.07333333333333333
843,1.0
9600,0.05333333333333334
16044,1.0
6073,0.17666666666666667
9367,0.013333333333333334
16541,0.08666666666666667
15933,0.12
3325,0.13333333333333333
7367,0.013333333333333334
186,0.15
13837,0.33
6580,0.99
3808,0.0033333333333333335
12197,0.08333333333333333
8441,0.19
306,0.12666666666666668
4595,0.9933333333333333
13262,0.9933333333333333
12795,0.18333333333333332
7533,0.9933333333333333
5845,0.9633333333333334
9971,0.01
3122,0.9566666666666667
1395,0.9933333333333333
8502,0.06666666666666667
12176,0.06666666666666667
2849,0.01
4725,0.16666666666666666
15546,0.9966666666666667
10300,0.13666666666666666
2404,0.03333333333333333
7437,0.98
12204,0.08
3898,0.9766666666666667
1549,0.49333333333333335
7435,0.17333333333333334
2829,0.1
3755,0.08333333333333333
12309,1.0
3724,1.0
3611,1.0
1646,0.9966666666666667
8198,0.2833333333333333
9100,0.08333333333333333
770,0.19666666666666666
4091,0.13333333333333333
5143,0.9666666666666667
3271,0.15
17060,0.9966666666666667
15907,0.07
3346,0.03
4368,0.09
13190,0.9766666666666667
8456,0.03
7322,0.16
5342,0.15
6064,0.03
515,0.0033333333333333335
10229,0.15333333333333332
16665,0.9966666666666667
17561,0.97
15076,0.9266666666666666
12495,0.006666666666666667
5670,0.28
3689,0.023333333333333334
16673,0.9733333333333334
13139,0.9833333333333333
13533,0.4766666666666667
16492,0.11333333333333333
9066,1.0
14215,0.013333333333333334
16881,0.17666666666666667
14508,0.9966666666666667
4035,0.07
5031,0.10666666666666667
10714,0.9866666666666667
8405,0.056666666666666664
2719,0.9966666666666667
12585,1.0
9033,0.13333333333333333
13931,0.9633333333333334
7793,0.10666666666666667
6440,0.006666666666666667
11127,0.09
7347,0.023333333333333334
13267,0.9966666666666667
2704,0.1
9107,0.08
12947,0.22666666666666666
12120,0.043333333333333335
6905,0.006666666666666667
9201,0.6966666666666667
664,0.18333333333333332
14856,0.76
8634,0.043333333333333335
4632,0.99
5012,0.05
13345,0.9733333333333334
14777,0.03333333333333333
9926,0.07666666666666666
15695,0.13666666666666666
16534,0.06333333333333334
17611,0.02666666666666667
15614,0.9966666666666667
7519,0.9866666666666667
3855,0.16333333333333333
714,0.11
12730,0.11666666666666667
4845,0.04
5644,0.016666666666666666
1394,0.7833333333333333
13577,0.13333333333333333
17089,0.9933333333333333
11089,0.9633333333333334
5005,0.9966666666666667
7394,0.5766666666666667
13307,0.06333333333333334
5982,0.19
11560,0.11
477,0.9766666666666667
6156,0.16333333333333333
7981,0.02666666666666667
9179,0.18
15634,0.023333333333333334
11753,0.9966666666666667
9886,0.9766666666666667
10038,0.98
7045,0.07
8262,0.056666666666666664
3206,0.8566666666666667
2481,0.0
13271,0.1
16293,0.18
8814,0.02666666666666667
8006,0.99
10983,0.36666666666666664
8131,0.05
14529,0.9633333333333334
1942,0.9666666666666667
12771,0.94
91,0.013333333333333334
10544,0.09333333333333334
3239,0.31666666666666665
2959,0.12
6302,0.02666666666666667
9872,0.16
14497,0.01
11165,0.06666666666666667
3577,0.24333333333333335
9647,0.9966666666666667
10618,0.08
14509,1.0
10236,0.9933333333333333
16254,0.14666666666666667
17535,0.15
7343,0.9766666666666667
8427,0.9933333333333333
13319,1.0
17610,0.17666666666666667
1374,0.023333333333333334
5254,0.05333333333333334
4580,0.1
13919,0.19333333333333333
5744,0.13333333333333333
9607,0.19
4695,0.06
5541,0.9733333333333334
3653,0.19333333333333333
4643,0.0
15464,0.23666666666666666
11887,0.22333333333333333
16850,0.043333333333333335
10206,0.14666666666666667
9218,0.14
3908,0.17333333333333334
9228,1.0
14639,0.02666666666666667
7366,0.13
2911,0.23333333333333334
6478,0.016666666666666666
11129,0.03666666666666667
2107,0.9133333333333333
15060,0.99
17382,0.15666666666666668
13255,0.15666666666666668
3561,0.09333333333333334
10589,1.0
3414,0.9966666666666667
434,0.04666666666666667
8707,0.13333333333333333
6688,0.8733333333333333
3144,0.14666666666666667
14048,0.25
12657,0.11
1616,1.0
12436,0.17
224,1.0
405,0.96
5945,0.0033333333333333335
6116,0.13666666666666666
3915,0.13333333333333333
9092,0.12333333333333334
11659,0.22
13780,0.01
15728,0.7533333333333333
14725,0.27666666666666667
16555,0.15666666666666668
12232,1.0
1779,0.08333333333333333
2600,0.12
14348,0.15
8008,0.99
16372,0.02
13011,0.03
13835,0.14333333333333334
17108,0.29
17718,0.03333333333333333
17335,0.9966666666666667
6864,0.21333333333333335
12700,1.0
1901,0.11666666666666667
6880,0.23333333333333334
5808,0.07666666666666666
11839,0.21333333333333335
2094,0.58
4194,0.26666666666666666
66,0.023333333333333334
1795,0.9566666666666667
37,0.09
5770,0.17
17666,0.8933333333333333
1292,0.18666666666666668
15435,0.9433333333333334
2766,0.9966666666666667
13598,0.24333333333333335
13977,0.016666666666666666
9200,0.29333333333333333
11558,0.04666666666666667
11802,0.1
16170,0.34
16257,0.45666666666666667
4537,1.0
14573,0.12333333333333334
3392,0.9966666666666667
15177,0.9466666666666667
1966,0.08
936,0.9933333333333333
8415,0.04666666666666667
12507,0.9966666666666667
1048,0.9733333333333334
12922,0.16
16184,0.96
4860,0.17666666666666667
1258,0.7833333333333333
6079,0.9466666666666667
6605,0.23
16841,0.07666666666666666
4479,0.99
2761,0.9933333333333333
9333,0.20333333333333334
7268,1.0
12757,0.03
14329,0.23
6879,0.99
13304,0.09666666666666666
16060,0.01
5620,0.04
15018,0.9966666666666667
4962,0.9866666666666667
14371,0.9833333333333333
15112,0.98
16026,1.0
13114,0.23666666666666666
12284,0.14
6801,0.9966666666666667
5259,0.06666666666666667
2519,0.11
1162,0.043333333333333335
13295,0.023333333333333334
13940,0.09333333333333334
16248,0.9933333333333333
11297,0.04
5970,1.0
2406,0.043333333333333335
16462,0.94
10608,0.9433333333333334
14660,0.23
2938,0.9966666666666667
2268,0.9633333333333334
14921,1.0
4104,0.023333333333333334
3869,0.9966666666666667
16098,0.03333333333333333
630,0.96
9042,0.9866666666666667
15246,0.9766666666666667
11455,0.01
15166,0.9933333333333333
1669,0.97
4396,0.9966666666666667
11866,0.016666666666666666
12926,0.6766666666666666
6494,1.0
15500,0.97
17664,0.05333333333333334
16118,0.8366666666666667
1858,0.9866666666666667
17586,0.99
6502,0.16666666666666666
15087,1.0
10304,1.0
196,0.02
4126,0.15
68,0.03666666666666667
3545,0.07333333333333333
9731,0.24
9191,0.016666666666666666
9489,0.9833333333333333
16107,0.33666666666666667
10560,0.4033333333333333
9305,0.9966666666666667
3673,0.9633333333333334
14742,0.09333333333333334
8347,0.09666666666666666
11131,0.9566666666666667
14072,0.13333333333333333
5545,0.99
3702,0.9766666666666667
12465,0.19333333333333333
3021,1.0
10133,0.39
14498,0.11
5062,0.08
16223,0.14666666666666667
16725,0.17666666666666667
17181,0.9866666666666667
17720,1.0
13269,0.9866666666666667
17345,0.12
6833,0.11666666666666667
3797,0.03666666666666667
4378,0.023333333333333334
11146,0.02
7247,0.02
9496,0.9933333333333333
2922,1.0
3100,0.19333333333333333
6087,0.016666666666666666
16516,0.15666666666666668
10583,0.9766666666666667
3891,0.04
16150,0.08333333333333333
15040,1.0
15327,1.0
9123,0.9766666666666667
15989,0.9533333333333334
1232,0.10333333333333333
10820,0.09333333333333334
3176,0.013333333333333334
1053,0.05
350,1.0
13372,1.0
9005,1.0
17673,0.07333333333333333
16894,0.9833333333333333
4513,0.19666666666666666
12444,0.06
15810,0.39
9929,0.11
5665,0.3466666666666667
6277,0.1
1311,0.9966666666666667
17264,0.08333333333333333
3516,0.29
16458,0.9933333333333333
7234,0.9133333333333333
13615,0.02666666666666667
4169,0.9866666666666667
739,0.48333333333333334
17651,0.9233333333333333
8121,0.11333333333333333
10432,0.12666666666666668
4883,0.25666666666666665
3069,1.0
16443,0.98
4498,0.10333333333333333
9928,1.0
553,0.16333333333333333
5795,0.043333333333333335
16829,0.9966666666666667
7825,0.91
15638,1.0
14901,0.36
14472,0.9
12287,0.9766666666666667
7495,0.056666666666666664
4221,0.5633333333333334
5247,0.22666666666666666
11156,0.9533333333333334
11464,0.7966666666666666
5089,0.42333333333333334
17028,1.0
13755,1.0
2746,0.99
17536,0.89
16552,0.02666666666666667
9204,0.88
3865,0.11
12282,0.9966666666666667
3168,0.99
6743,0.16333333333333333
9554,1.0
13026,0.2733333333333333
3674,0.9866666666666667
8726,0.03333333333333333
5322,0.9933333333333333
11172,0.05333333333333334
4045,0.14666666666666667
16268,0.07333333333333333
16142,0.18666666666666668
15390,0.16666666666666666
17406,0.03333333333333333
16747,0.9
17120,0.9666666666666667
16015,0.6233333333333333
12470,1.0
2677,0.9866666666666667
11024,0.02666666666666667
149,0.98
9494,0.043333333333333335
308,0.9866666666666667
2662,0.9766666666666667
10781,0.08333333333333333
12516,0.03
14330,0.9766666666666667
10765,0.18333333333333332
9468,0.6433333333333333
8184,0.03
6347,0.056666666666666664
14739,0.013333333333333334
13621,0.08333333333333333
9907,0.9933333333333333
2509,0.26
1946,1.0
11219,0.9566666666666667
10008,0.37333333333333335
16411,0.04
5799,0.18666666666666668
2554,0.9766666666666667
4136,0.12
9692,0.20333333333333334
10233,0.15666666666666668
1482,0.18
6249,0.49
7561,0.01
16631,0.11333333333333333
5335,0.07333333333333333
6375,0.9766666666666667
14104,0.97
17687,0.15
9439,0.9833333333333333
4151,0.05333333333333334
11599,0.02666666666666667
3893,0.11
829,1.0
11972,0.37
7610,0.11333333333333333
16710,0.9766666666666667
16683,1.0
6233,0.18
11547,0.16333333333333333
14182,0.05333333333333334
12510,0.08333333333333333
3216,0.26666666666666666
247,0.05333333333333334
10599,0.99
10493,0.05333333333333334
15667,0.0
13541,0.11666666666666667
2775,0.09
12690,0.98
10172,0.17666666666666667
4781,0.74
5166,0.13666666666666666
999,0.9966666666666667
5371,0.09333333333333334
7733,0.17333333333333334
1728,0.15666666666666668
6901,0.13333333333333333
14369,0.11666666666666667
11751,0.013333333333333334
4064,0.94
10957,0.056666666666666664
7344,0.6633333333333333
10193,0.023333333333333334
12385,1.0
4383,0.03
14996,0.06
14636,0.15666666666666668
13451,0.97
16019,0.12666666666666668
2463,1.0
9237,0.056666666666666664
6416,0.5833333333333334
10666,0.1
315,1.0
533,0.9966666666666667
9050,0.05333333333333334
12877,0.7333333333333333
5629,0.1
12663,0.16333333333333333
5213,0.23333333333333334
6308,0.9966666666666667
10460,0.9866666666666667
7714,0.2966666666666667
1370,0.056666666666666664
15887,0.99
1204,0.02
13802,0.15
9077,0.8833333333333333
10488,0.15
11534,0.09333333333333334
14631,0.98
5229,0.043333333333333335
11681,0.9833333333333333
10631,0.09
112,0.9833333333333333
12458,0.11
14730,0.96
16921,0.10666666666666667
17081,0.29333333333333333
9206,0.19333333333333333
8932,1.0
10499,0.18666666666666668
8172,0.25333333333333335
3279,0.20333333333333334
4485,0.13666666666666666
2687,0.02
3452,0.09
1505,0.013333333333333334
7150,0.9933333333333333
835,1.0
11614,0.03666666666666667
17104,0.15666666666666668
5789,0.9766666666666667
12208,0.07
7828,0.32
17292,0.12333333333333334
354,0.9966666666666667
319,0.09666666666666666
6818,0.17666666666666667
17032,0.27
4441,0.06
11554,0.9833333333333333
8886,1.0
1745,0.13333333333333333
8752,0.9833333333333333
2198,0.9466666666666667
4254,0.09333333333333334
5610,0.09
15532,0.21666666666666667
7745,0.99
12371,0.043333333333333335
12676,0.9933333333333333
17391,0.2866666666666667
5011,0.9866666666666667
13015,0.18333333333333332
10240,0.48333333333333334
6962,0.24333333333333335
7619,0.6266666666666667
9835,0.9933333333333333
13753,0.02666666666666667
5116,0.12
5823,0.03
17769,0.9866666666666667
8970,0.11
4550,0.02
6870,0.22666666666666666
11504,0.13333333333333333
5556,1.0
8462,0.05
12451,0.14333333333333334
13515,0.99
8248,0.16333333333333333
10960,0.9966666666666667
7132,0.06666666666666667
7983,0.9833333333333333
10410,0.15666666666666668
3440,0.9966666666666667
14447,0.08333333333333333
14356,0.22666666666666666
6117,1.0
11759,0.18
5625,0.94
13943,0.08333333333333333
3473,0.9966666666666667
6956,0.02
11048,0.9766666666666667
11536,1.0
3913,0.9933333333333333
10792,0.09666666666666666
4723,0.9766666666666667
16,0.14
12245,0.32
12586,1.0
7336,0.10666666666666667
1384,0.49666666666666665
17238,0.27666666666666667
5726,1.0
13499,0.05333333333333334
9371,1.0
3823,1.0
14915,1.0
7848,0.9833333333333333
703,0.28
3017,0.08666666666666667
3312,0.05333333333333334
14791,0.01
1463,0.29
3778,0.97
1019,0.9966666666666667
33,0.9966666666666667
2357,0.0
329,0.9561111111111112
10363,0.02
12534,0.9966666666666667
5804,0.898111111111111
13288,1.0
7796,0.15
6038,0.0
4038,0.06333333333333334
9071,0.09333333333333334
12934,0.9333333333333333
137,0.04
5086,0.01
2087,0.16333333333333333
11299,0.04666666666666667
16607,0.9933333333333333
1760,0.2
17065,0.9933333333333333
13493,0.9966666666666667
17755,0.7633333333333333
6032,0.0
7930,0.16666666666666666
11091,0.15
12090,0.19333333333333333
10893,0.09333333333333334
3493,0.37
10035,0.31333333333333335
9755,0.15666666666666668
7973,0.04
17115,0.20333333333333334
10610,0.24666666666666667
485,0.98
763,0.14333333333333334
8107,0.30333333333333334
17424,0.12
7528,0.9933333333333333
14907,0.99
14762,0.19666666666666666
10843,0.06
13236,0.9466666666666667
11392,0.25333333333333335
3324,0.02
15306,0.9933333333333333
3680,0.99
4830,0.08666666666666667
4549,0.99
848,1.0
12106,0.06666666666666667
4567,0.18666666666666668
15877,1.0
15690,1.0
16429,0.02
6772,0.043333333333333335
6411,0.13666666666666666
6069,0.94
195,0.12
459,0.0
13538,0.9966666666666667
2016,0.04
15035,1.0
12655,1.0
1405,0.16333333333333333
2164,0.16333333333333333
898,0.9966666666666667
5678,0.9966666666666667
8757,0.07666666666666666
5277,0.17333333333333334
8602,0.9733333333333334
1839,0.12666666666666668
398,0.9966666666666667
12752,0.06666666666666667
1818,0.006666666666666667
1042,0.14
14053,0.14333333333333334
9000,0.9666666666666667
14643,0.9766666666666667
15107,0.9933333333333333
14963,0.016666666666666666
